{"cameraMode":{"drawMode":0,"name":"Shaded","section":"Shading Mode"},"sceneLighting":false,"audioPlay":false,"sceneViewState":{"m_AlwaysRefresh":false,"showFog":true,"showSkybox":false,"showFlares":true,"showImageEffects":true,"showParticleSystems":true,"showVisualEffectGraphs":true,"m_FxEnabled":false},"in2DMode":false,"pivot":{"x":-0.3009416460990906,"y":0.5608953237533569,"z":-0.5008960962295532},"rotation":{"x":-0.33817028999328616,"y":-0.40820807218551638,"z":0.16523019969463349,"w":-0.8319116234779358},"size":0.3591447174549103,"orthographic":false}