{"cameraMode":{"drawMode":0,"name":"Shaded","section":"Shading Mode"},"sceneLighting":false,"audioPlay":false,"sceneViewState":{"m_AlwaysRefresh":false,"showFog":false,"showSkybox":false,"showFlares":false,"showImageEffects":false,"showParticleSystems":false,"showVisualEffectGraphs":true,"m_FxEnabled":true},"in2DMode":false,"pivot":{"x":-0.025143921375274659,"y":0.778383731842041,"z":0.004700958728790283},"rotation":{"x":0.0011749941622838379,"y":0.9943389296531677,"z":-0.10811612755060196,"w":0.0011168529745191336},"size":0.9066078066825867,"orthographic":false}