{"cameraMode":{"drawMode":0,"name":"Shaded","section":"Shading Mode"},"sceneLighting":false,"audioPlay":false,"sceneViewState":{"m_AlwaysRefresh":false,"showFog":true,"showSkybox":false,"showFlares":true,"showImageEffects":true,"showParticleSystems":true,"showVisualEffectGraphs":true,"m_FxEnabled":false},"in2DMode":false,"pivot":{"x":-7.841355323791504,"y":14.666507720947266,"z":15.494730949401856},"rotation":{"x":-0.09478377550840378,"y":0.16353513300418855,"z":-0.016314126551151277,"w":-0.9820234179496765},"size":18.52848243713379,"orthographic":false}